impressions,clicks,click_rate,session_length_secs,unique_sites,unique_apps,device_type,device_conn_type,ua_len,hour_mean,hour_std,interclick_mean,interclick_std,c14_nunique,c15_nunique,c16_nunique,c17_nunique,c18_nunique,c19_nunique,c20_nunique,c21_nunique
5.0,1.0,0.2,180.0,1.0,1.0,1.0,1.0,80.0,13.0,0.5,45.0,10.0,1.0,1.0,1.0,1.0,1.0,1.0,1.0,1.0
10.0,2.0,0.2,300.0,2.0,1.0,1.0,1.0,75.0,16.0,0.3,30.0,8.0,1.0,1.0,1.0,1.0,1.0,1.0,1.0,1.0
6.0,1.0,0.166,200.0,1.0,1.0,1.0,1.0,90.0,14.0,0.5,40.0,12.0,2.0,2.0,2.0,2.0,2.0,2.0,2.0,2.0
4.0,1.0,0.25,240.0,1.0,1.0,1.0,1.0,85.0,15.0,0.4,60.0,20.0,1.0,1.0,1.0,1.0,1.0,1.0,1.0,1.0
3.0,1.0,0.33,100.0,1.0,1.0,1.0,1.0,95.0,11.0,0.2,20.0,5.0,1.0,1.0,1.0,1.0,1.0,1.0,1.0,1.0
8.0,1.0,0.125,400.0,1.0,1.0,1.0,1.0,70.0,17.0,0.6,50.0,15.0,1.0,1.0,1.0,1.0,1.0,1.0,1.0,1.0
5.0,0.0,0.0,360.0,1.0,1.0,1.0,1.0,88.0,10.0,0.3,55.0,10.0,1.0,1.0,1.0,1.0,1.0,1.0,1.0,1.0
7.0,1.0,0.14,250.0,1.0,1.0,1.0,1.0,77.0,19.0,0.5,30.0,8.0,1.0,1.0,1.0,1.0,1.0,1.0,1.0,1.0
50.0,45.0,0.9,60.0,20.0,10.0,0.0,0.0,12.0,3.0,0.1,1.0,0.5,5.0,5.0,5.0,5.0,5.0,5.0,5.0,5.0
70.0,68.0,0.97,45.0,25.0,12.0,0.0,0.0,11.0,2.0,0.1,0.8,0.2,6.0,6.0,6.0,6.0,6.0,6.0,6.0,6.0
30.0,25.0,0.83,90.0,15.0,8.0,0.0,0.0,14.0,4.0,0.2,2.0,0.5,4.0,4.0,4.0,4.0,4.0,4.0,4.0,4.0
40.0,30.0,0.75,80.0,18.0,10.0,0.0,0.0,10.0,5.0,0.2,1.5,0.3,5.0,5.0,5.0,5.0,5.0,5.0,5.0,5.0
5.752841937686407,0.0,0.0019287057333956328,362.44885103280694,0.8157784850118623,0.8418786129084335,0.9950439624248846,0.9967669608500598,88.13887288339649,10.148368808131867,0.30250869385579715,54.357094058725764,10.086073364956409,0.8768385780266899,1.1114540260934758,0.9800696312527271,1.043357827268632,1.1263891562783213,1.0005238676252521,1.0644321529901604,0.8444785461846542
40.16083949230863,30.599628361625168,0.7643888209321983,84.88391464020025,18.135991932135035,9.954764918650136,0.02627531392475131,0.05685390858951385,7.403973152552531,4.813295829010468,0.1930497931827132,1.479871083057041,0.013803093254942,5.042075960121985,4.999069273997169,4.915944415775745,4.828790863522098,4.948482916128009,4.912192325789675,4.978152114576967,4.807860647630836
5.957313700402925,0.0,0.011264923536956017,358.81950789993147,0.5166053265944869,0.8045025677173213,0.981832545456461,1.0504773954666873,88.40992305436552,10.60060555721842,0.31727583344203214,54.14921510813348,10.426992494101293,1.0780446934398353,0.9404593096614058,1.1265359676909557,0.998648298580946,0.9119796489246331,1.078931815489779,1.037984615076795,0.9636753443536303
9.31978689817327,0.9083660910343574,0.20104098143605392,295.2898225526024,2.286579548612176,0.6672633528578269,0.9512153311788384,0.9917688964599456,76.74426246361499,15.437602686387528,0.3083300103196342,29.800204848973653,8.035752494291776,0.9526307600419607,0.9496078247908124,0.9529941931899744,0.8842693088369782,0.8871169414936823,1.0968276889837116,1.0158514969991088,0.9509028544404537
5.707596547490811,0.34968055732746733,0.0,355.18081678288104,1.1536429726549702,1.0562076055449532,0.9966765425881309,0.9746540349678853,86.99736495222882,10.04474675168721,0.2838033514085634,55.340385904364794,10.644552625601364,1.0259485887399262,1.2974451131152605,1.1289908764423522,0.9571160614053424,0.9555717464859494,1.055773163625967,1.0218708610545866,1.0501632799449858
40.1999892032517,30.95786461582163,0.7450799242238697,74.41424736850541,17.390277464415774,10.063560948602527,0.047287630368398115,0.0,11.81549798984226,4.942512356064224,0.18823697309917103,3.526199095198791,0.0,5.0303841222391315,4.949004344279114,4.989534117477895,5.0548617219393615,5.028886224638382,5.066770020006118,4.968308563338172,5.097705706712318
68.91810402194442,66.21102289808236,1.012732533752218,47.77736123091069,25.54907445908083,12.070291693680902,0.0,0.0,14.593146375896021,2.1269004360076105,0.11625951065040706,1.2874782166374117,0.44166811854004073,5.899825906443559,5.9768909846586435,5.904092320059055,6.0286481893437704,6.015669436208844,6.021701132985239,5.952725391806095,6.063697923461362
71.53550790757437,67.55034956572675,0.9807137390396875,54.90055624934477,24.96974614682161,11.841662168248666,0.0,0.03302420759056472,9.122951098124267,1.7880014109091178,0.10766432692518928,4.424743920253702,0.24474630259197416,6.061273197297252,5.965734464058207,6.051425597897827,5.928272098604248,6.047405057752354,5.965107847491135,6.081770654089511,5.895700405610409
7.078787930744152,0.0,0.14315902438297343,201.0514059606483,0.9995672452538116,0.8186605536971876,1.0419295807782418,1.0045281218813347,91.83481597413349,14.207222698770078,0.5006207645250303,40.12723471383619,11.787860023335412,1.8974308992540743,2.202211642760265,1.9501088453324658,1.9565780897331664,2.0442197837207248,1.9065308675754928,2.0371328183136033,2.0186536445875967
69.54141169742536,68.47943061308841,0.9934574379090906,44.2827499772452,24.886354038407227,11.963926330164448,0.0,0.027901949107080715,10.052477493251315,1.5101615849152996,0.09970159229828329,1.3080027043299185,0.0,6.115975818624316,5.9287832994686385,5.952728944187156,5.904453571316781,5.8667741513688565,6.035655057966641,5.935420764625254,6.0942005182559456
70.22980463632457,68.32475987416237,0.984986265823852,45.060197828998284,24.607648786332017,12.02955223082614,0.0,0.0,14.471202329313128,2.3861368909215654,0.10234716074572603,0.376349507954686,0.0,5.913190913084843,6.119451984035825,6.040760720639593,5.907986976117237,6.14339273869304,6.069803972847034,6.141100527762582,6.1006557362751686
3.472133727137636,0.4212139113236576,0.1581830124108698,237.37395933826443,1.8346937726079275,1.2879343535442689,0.9869170226105962,1.0293597096778668,74.36501520310163,18.741427569438393,0.4963577656998539,29.714237916877938,8.036925318736325,1.244623109176419,1.027838708410436,0.9760019355585088,1.0327248634274124,0.952543521312336,1.105017472012894,0.8651970455538642,1.064495832866614
4.36004776944699,2.1055281984370886,0.18390145698964108,186.11691725762344,0.9306690336549904,1.0610937622004526,0.9902187521059113,0.9838554578624976,78.84042647689607,12.941691358223155,0.523990192784943,45.27518970591689,10.244870834574655,0.9638817001761829,0.9144227651949693,0.9355922012410045,1.1722889332548787,0.8967899381376907,1.0237283956267345,0.8529718178591754,0.76489726395115
5.935920673611337,1.1306450730980973,0.22147968626595105,177.84907414218816,0.5538538832350586,0.7585550101542834,0.9862880324087998,1.0277404136385961,78.30514155995492,13.38054784360326,0.5081402852740191,46.480031942263274,9.796290497216232,1.105639261561798,0.9115906593454025,1.1483419999314295,0.967317854529411,1.0920188535020208,0.9585255671046901,0.9008852306529211,0.7807386037670242
4.5784230054301185,0.0,0.0,366.035280082641,1.4486582712984997,1.1378299653225246,0.9881581641281572,0.9978180349545803,86.32019765962485,9.975381511782945,0.30082104694492817,55.644341833075636,10.044155810039753,1.2326377920774099,0.8857924092272168,0.9347357847860581,1.0592618614729834,0.8798349571249049,0.8132698127700501,1.0053957747917022,0.9378049811501835
5.795181445190734,2.3196854844395656,0.21497011289795429,187.32410930348178,0.45061192455080923,1.21470056003935,1.0066198579739813,0.9965086666910508,79.57964948055746,12.93758297632414,0.48932840744155576,43.8193808063475,9.342925169452498,1.0303407485224698,1.0664939516750467,1.0665184013101112,1.0533438126228303,0.9263507664110555,1.1326457483425645,0.8695112685271903,1.0142684873720063
5.319427444028094,1.1458068833039674,0.18669199575682774,167.0129071988651,1.8654480136384424,1.0108121812962558,1.0142383016366718,1.0485951259480124,80.59322246183262,13.01829105804986,0.4936363133122771,45.14848756608456,10.032393772372753,0.8822209276513358,1.0497524873649817,0.9826234082512018,0.9316392455304625,0.9916619054314628,1.0409852727818634,0.888526857037373,1.101718294195524
4.11814750482588,2.0989195751058674,0.17673887374134217,178.60401043581984,0.5861544512149572,0.9395911643684575,1.0308725562661094,1.0061438248280197,80.17661307293218,12.74234536653685,0.49905185796502416,44.60936160132402,10.118247169794097,0.9554543989837913,1.0076380721889302,0.8105638374463373,1.0527152775912572,0.9255081073136588,0.9496290320313691,0.9447862687373112,0.9977834963104693
6.837051445928937,2.429436566310006,0.1931921228616507,172.12701946650128,0.024930799801833436,1.0910093785498556,0.9730390785146973,1.0238625842349043,81.3480195605264,13.528701683881216,0.4992216666159012,45.4588540698648,9.820174369655772,1.0544538580057825,0.9517816544764409,1.1148277674132958,1.0170889661635028,1.0632198100526178,1.0631955172313643,1.0127468448467711,0.8860231617630407
8.860905855478943,1.3448358954724493,0.16467771494773376,394.2417105069471,1.4469452225096457,1.065061598420813,0.9751589010564631,0.9931694117962895,70.17554636922333,16.783004047479388,0.5838485246707835,50.15063915872834,14.017503939584941,0.9919299302375814,0.8024919272953115,1.109412603255172,1.0580315952788784,0.9381482656438801,0.9948659861320984,0.979561478277336,0.9372561717484118
9.19016908273595,1.7189924661745526,0.2288848036911654,309.9487658891236,2.6305707598260337,1.1585956365881085,1.0065514755494067,0.9914486051666787,74.51423375636483,15.95141934819917,0.28716493065131343,29.193455698962932,8.567128256262441,1.1795414361550818,0.9062624819467766,1.1114107201630035,1.2096280963697414,1.1229540037785342,0.8604371336611579,0.9696110339013134,1.179109167495961
3.134254151381128,0.6802960401283535,0.33135873272180594,99.87562563345233,1.5027406775108978,0.7098493758021844,1.0125182128685646,1.0057251431575935,95.32934586025203,10.924744529845556,0.2019487673273217,19.78126620100679,5.274097362577241,1.0320765935096465,1.1684787455321461,0.9800596032011765,0.9263705685260852,0.951061563311399,0.8765684784416719,1.1865897154932143,1.023437098024632
48.74943324615283,44.94075783026615,0.8898996216781273,58.82094434723029,20.006081939142838,10.137627981236177,0.013075834426938032,0.0,13.530998044349131,3.2748111191093594,0.10302468458891025,2.075934501849715,0.14901512640559095,5.171668751978125,5.063986708255299,4.995386764390152,5.070173859293476,4.9199804893301655,4.733110448222815,4.936629000843421,5.025307444644471
39.678918709948306,29.419974187400772,0.7734791183213638,77.78088251470889,18.33631935846722,9.848289467632888,0.007195346456635054,0.0,8.971562135614088,4.8806070581320276,0.2149334096539319,1.5911253075084109,0.27067067257645744,5.070333543464544,5.01287375619931,4.8733146732224535,4.989427081927447,4.9776345245251,4.994740218138434,4.9604334867648054,5.026386591118373
48.96505091283951,45.40636222027911,0.8941552511707335,68.40861725136484,20.745437633649676,9.667377164003698,0.0,0.019622876087787972,13.891280264022114,3.1232958582479844,0.09753904947904023,2.1594527070855962,0.21010888635111663,5.001451590602998,4.95669681606418,5.04968983900041,4.896651374121202,4.803335136888838,4.993112233933531,4.881014540501491,5.164505967007391
10.29036270229282,0.0,0.23965701899816177,300.97468001226275,1.9955867407901806,0.6133633711615167,1.0184610652674173,1.007990393415389,71.796361812703,15.78172530157563,0.2877817382771194,31.63783228411075,8.248550431600536,1.1026945563210462,1.028374219105965,0.8865725350484784,0.7354762305887288,0.9654794307612694,0.9060671985891063,1.0009281738633962,0.9952202433694746
8.24072051225508,2.385338963987567,0.12751574014143363,401.5187118635015,0.0,0.7540765848029031,0.9780528269180632,0.9963761943303837,69.28124616144454,16.831499524446848,0.5822002949822067,49.82466001413367,15.432661256434121,1.1679087974845994,0.9424212274081796,1.0274841804780368,0.9184847118958462,1.0848300215138253,0.962274567912173,1.0718386500719292,0.8949078907456895
39.250545343517665,29.583075078637062,0.7226102053068486,84.12502458392954,18.00574073386155,9.686231262753,0.0,0.001084245604946542,11.60889314396664,4.5607312574953776,0.1978686167628682,2.7983183599012915,0.4224439203867888,5.074916209243042,5.015539105662084,5.087564567004918,5.068766628450095,5.089103690424478,5.086493726966249,5.1310070942120785,5.052827288526921
2.0843209093078605,0.5396623524654419,0.32428100769224716,102.95819438246508,1.3997825276102855,1.1716933032498087,0.9927803478954667,1.0099296724379356,92.16651726820638,11.063713586017728,0.2092543396888078,20.410954003663456,5.13459895419732,0.9296696703273568,0.907344151897527,0.7048890513163517,1.1021990426732247,0.8925240669587319,1.050226433535192,1.1098147333231878,1.1040066845217167
39.90139966909163,30.247235729859902,0.7605951648889397,85.02682723376783,18.525865220454406,9.944808044888296,0.020578538343552902,0.0,13.067688173155332,5.050564020668917,0.21137771005577563,1.2684893684687648,0.33809913640095146,4.86889236841251,5.1700391070440865,4.942934357765607,4.848891106818119,5.175288760260049,5.057583103117033,4.961040806027674,4.799167906887404
7.664433044116102,1.8497047553811055,0.1498409133966973,400.0367575047899,1.2493775491002446,1.3517774639948472,0.968656162174847,0.9944045435328508,71.11555762074224,17.233840731174723,0.6018759730169583,49.686491389424745,14.777661878398686,0.9853287588834597,1.1077233560498798,1.0755558040780169,1.0749021498627884,1.0428278777231879,0.9237725608687192,0.9444378229939241,0.9379856358555012
9.078931570339511,3.675110520385937,0.19919791528742453,307.08252540819217,2.5732785091284605,1.0977173351320593,0.9732534552163479,1.0336887652568738,75.79412841496386,16.14116927553445,0.2917776239847907,30.504960603524378,8.261464936093972,0.9475446821313225,0.9440767350857255,1.0455406033669172,1.070518062555702,0.8100976433124805,1.0175315788279473,0.8324724585349828,0.8462893315008242
5.668073750640524,0.0,0.0,378.0274316309916,0.6163041740658949,0.8543830284478573,1.0067586777922424,0.977037949208389,88.08931379939084,9.990707195119999,0.3045695284381265,54.37640006833153,10.264384935122756,0.9641401149104962,1.0572294501054187,1.0217718886680096,1.05447723787987,1.0614349134893604,1.0152793583221738,1.0626351071547337,0.9150832672006435
0.884932666555514,2.588985418761037,0.3104526897504692,104.42560049013028,0.8037810106704131,1.486713931941726,1.0308391977898779,0.9734379285591032,96.55392239627086,10.689965609596703,0.20055103729888146,21.644714995585417,5.080187717705702,0.886278377696414,0.9848355813508306,1.1309647366070352,0.9908887590009703,0.9184487361847197,0.9423591761023862,1.087510878695804,1.0186120110712444
9.836084589949424,1.3761844658347324,0.18442548450195673,300.9500213537618,1.7686053426886557,1.1244903091517378,1.0101535874354937,1.0313329485624878,77.40551557599345,15.759027690898733,0.294425402395326,30.73960590889729,7.766130607186411,0.9200753541268706,0.9560456659183014,1.0233079234740179,1.0511883068116943,1.0237007366682362,0.9660097369557498,1.118923339166792,0.8792004186822749
3.8349044918830835,0.0,0.0,359.9423020109288,0.930373776651374,0.7764243239508856,0.9672068313649137,1.0048400662846861,88.45616477606144,10.333353869232958,0.3023492993885247,56.401591324841284,9.942726304302898,1.0382738058179415,1.0941497911808125,0.9781412982011563,1.0407772693897426,0.921295775580593,1.0027327270050292,1.0288874103120769,0.9872299051985939
7.774965262268876,1.3701242029560228,0.11836659995329399,391.75195356615023,1.1671366104070688,1.1164875661466855,1.004972977387107,0.9792562589950509,70.63755974443238,16.746983239985827,0.6031819889615954,50.409682435483155,14.980542758725326,1.110234803114347,0.677957814498111,1.0125361546619907,0.8595250910765211,1.0766816125765835,1.0203523155638283,1.1307127682174083,0.9127436966023574
7.567684689394502,1.9578191061679602,0.12412616324092972,405.6125656797974,1.6603860416099465,0.9309933115737872,0.9621704815475065,0.9752745737207782,70.94508030498956,17.405088505990797,0.5974708735632897,48.768989951038904,15.477368194041496,1.1301541481070396,1.0278527811914075,0.9272224493850114,1.1143789804992696,0.9983351631499476,1.168456875082657,0.9554055159395579,0.8319633594659762
4.8919249041446395,0.0,0.00937324708646636,360.2951748031549,0.9848579583855431,1.248494079061987,0.9867383725707561,0.951913665732793,86.98992793853442,10.002721962320079,0.2972551060340171,57.77149285736253,10.520946791050218,0.9768977735164944,1.0639368805823848,1.1033428365542943,0.9256660611829644,0.7708985561245715,1.212574596053321,1.0855389088145326,0.8877115577596547
6.0599855502594275,1.1721652561462856,0.11564619887458671,251.40236397963724,1.502949255138939,1.35539305752125,1.003533804473616,0.9991702466625616,76.19947649922189,19.370181290628054,0.5206167444968944,30.26127359120377,8.01040392561664,1.0689222730362276,0.8876295673365664,1.068157107778472,1.106384458893975,1.1180921301047746,0.8395661420330972,0.7845512225989512,1.0794465761160639
12.152046831477891,2.283028044652572,0.19062054026010922,310.2357318514628,3.018467466405527,0.825607249711308,0.9726509285076442,1.0056387730724639,74.19436307611515,16.310333287441587,0.2945378520726536,30.163760055587492,7.8203196086616815,1.0973403935699377,0.9170586711934611,0.9870105093199534,1.0722962873753625,0.869892182042303,1.0647538844156474,0.9494490833944427,1.0019753352516625
8.22633896671797,1.8426307701616962,0.19497661599345895,302.4116582250622,1.6287534863758149,0.8780263099630434,1.0046894261148804,0.9979666782530715,77.66890368079176,15.456358570929886,0.29748252001887704,30.51721576573379,7.9325426741630665,1.2160624975662975,1.004329063532128,1.0106354410536191,0.9983390987723142,0.9968637272460776,0.9916597050072312,0.8206721817952403,1.0976290398116937
50.07946335642399,45.41285889768862,0.9257820817219977,56.79902868496286,20.748172111985678,9.935518926550607,0.0,0.0,10.845914707842983,2.5422832949233793,0.08326749491813679,1.3166132959850465,0.5011138313177556,4.9916614076245684,5.063812775871957,4.795504638091404,4.9966961562129875,5.028340668642617,4.874164029348432,4.984552239981357,4.9274095623924765
5.527236239094018,1.6014790024454446,0.19065953267532335,187.29530126191992,0.6263676854774339,0.7887347445170618,0.9986276703691984,0.9775702701627806,76.86070913082916,13.02807698619924,0.4951860925540163,46.29861561362543,9.87190719158483,1.0572864413789844,0.9322547845396015,1.085996217153247,1.1948232486606045,0.8761760320072679,1.1737032850490063,1.125291963381505,1.0458987474233623
6.811501152434111,1.2758672283141803,0.14074798897464758,411.5603062331247,0.96163592967241,0.8566297583888766,1.0257141062054358,0.9515897480011819,68.36632048710669,16.905015352088697,0.595854979054534,49.41998619947899,14.764328444349754,1.059209983067641,1.172226578293186,0.9555123917748864,1.0466140368908454,1.014505530535211,0.9161935066550372,1.0408243836994107,1.0425887139404868
69.37394452916855,68.01707093683383,0.9607915719864791,43.958027081641944,25.367303918495082,12.12840806528214,0.0,0.01480444768516309,9.100117649885428,1.645616459395152,0.1047164603612205,2.059239085454447,0.42778113366937764,5.944305583417793,6.088849610276163,6.024535810839165,5.991055081000399,6.182936588517133,5.785847087135268,6.045771622670267,5.95263486798391
38.285109850885924,31.41863250300411,0.7238851105971822,74.33591027272634,17.984843400811474,9.87386925513738,0.04038415525103705,0.0,12.242403945074464,5.049651288756618,0.20503480656685863,0.0,0.0,5.146242058821455,4.933745938344881,4.861876133009538,5.00980454918599,5.026360473080653,5.12974689034624,5.092430985562614,5.256890640029462
7.929153780912514,1.8969461165722359,0.12585444637838383,242.20288893979995,2.290799103431093,0.9264231527599771,1.008837253863683,0.9835537422995212,75.88104777313097,19.26439174388277,0.5101809024248966,29.590114645451983,7.718551340475796,0.8571235478827275,0.9663002847889305,1.225707001874856,0.9625387167350955,1.0343973922375709,0.8093466105749163,1.0832526503316697,1.0901545483001454
69.97343303751217,67.57829158707274,0.9532995455170942,44.77298272608035,24.442235128036064,11.845568966441277,0.00026000119659292563,0.009091015296595806,10.99490758551045,2.164372667393271,0.08706356996202251,0.6296625109028376,0.0,5.952864286421839,5.986366723420088,5.952845161393535,6.134111816146522,5.967929907018001,5.847482812159435,5.858181271206636,5.732240451201496
8.78423078407349,0.1552610235912033,0.1259604436395617,252.61766041240395,1.52545181922517,0.883080638679127,1.004474082674542,0.9981113947697299,83.42406407648745,18.867003323315462,0.49886221905582045,32.12432750863281,7.893144772793344,0.8420657826989602,1.027841536716511,1.1202738306011668,1.200574830545962,0.9451781659137002,0.8950167240937966,0.887351030465293,0.9406462039229095
6.758687298840948,0.0,0.14791728564688547,201.1909732766758,1.7497388933062008,0.8394701633414486,0.9913939500185969,0.9897634181895312,89.56520990653836,13.97621719957611,0.512753796545613,39.154435325115095,12.521685263351475,1.9874928219903683,2.0086127075137696,1.873343312206341,1.9089659621896453,1.978420773011061,2.038398279205999,2.0506671099398064,2.013667001543469
7.258297790143848,0.9303251150057393,0.16286930583213713,258.0199171599775,0.7511767871797604,1.0971970269718654,1.006028245005147,0.99891539712382,80.23503521228189,18.745069265282286,0.5060582430408483,30.926311796703672,8.49334028037372,0.9390630687477453,0.9457402437149001,0.9868029916065326,0.9558213351088936,0.88461276019248,1.0600549312218022,1.026325213918689,0.8432587939011236
5.077672659593404,0.0,0.017692964990705204,365.9055254453255,0.041330750228597335,1.267194394870419,1.0241455837559186,0.9454936731028569,89.16468345793878,10.153778689316123,0.2951992860578073,54.98797562125581,10.23026585613755,0.893370011084224,1.0447252599921546,1.0719845719763017,1.0137892434267446,1.0220126202397066,1.0540334652736185,1.0116079762486405,1.0447595094096533
8.434424748373226,1.7115409610522467,0.203087749969133,297.17371983908976,2.418880493071082,0.7481754262644851,1.0226718920199482,0.9676246510149592,76.16926941887519,16.188810981162593,0.29302453296675357,30.633873640599855,7.869974206503712,1.2129044806110756,1.0343998542386452,1.0186930480574707,0.8752187942199378,0.8912199794571725,1.1370917647411902,1.097667966388697,1.0646346984306834
40.96006533652696,31.98494874685237,0.7537889127608169,92.62322580944286,18.227893340613008,10.067115700208644,0.021565103194724964,0.00550612386590335,9.663557136595006,5.000640682508732,0.2026299707152795,2.834307246981871,0.4006232364744872,5.0859292644306695,4.972785990110071,5.124815236546615,5.041335540390577,4.922366535517881,5.160225253957682,4.98055474276662,5.095431075126573
41.08480324709695,28.65332959339014,0.7540241425508895,85.46449714497273,18.868622716252506,10.10446880925179,0.0,0.0,10.51334753121734,4.9282897827372185,0.1991422491351135,0.5234132733771772,0.1274825919098167,5.0085833511020015,5.099124261710266,5.116960241407289,4.850004773649,5.02039656487693,5.0211858980195805,4.970823855786563,4.932307976618141
39.125505975611446,31.456620959189042,0.732575149065202,80.31345850727278,18.077573891853653,9.798482674211904,0.0,0.0,10.21852420710631,5.485535921286817,0.1883032179711643,1.6425467350206788,0.5394712387215088,4.989737765871384,5.073941956690955,5.033405615441022,5.091428177948138,5.121230849957548,4.999882612612174,4.924823402209744,5.115131713340599
3.459858167961387,1.5571437711993523,0.26459190932227006,237.43078271547262,0.5625153754036729,0.7820169035503475,1.0194434168689726,0.9808614442807707,83.68750114933222,15.117937470253203,0.39547895999727256,59.56930112985927,20.0489991964314,1.1029080931055193,1.06333470083735,0.964241511642969,1.0213313788531373,1.0684293603735224,1.1748172994622939,1.0590305878796387,1.0405571605389394
43.225647203093075,29.562518910730823,0.7828156994052266,79.99176920087957,17.90639988979877,9.900662244475772,0.0018804911515245425,0.0,11.133418914853548,4.417022755419967,0.19729739530736745,0.19039325908984606,0.3985564204324913,5.06591839976915,4.996169246144258,4.968103630238084,5.046896661084754,4.826559591483813,5.153189508322839,4.961973163387826,5.31744337412613
3.3743186945491406,0.29451930044956787,0.21208504004422038,180.6627974543308,0.5778888821410377,0.8698420396433351,0.9627946958803166,0.999337819937327,80.05166216485267,12.803650265214618,0.49619493761678835,44.786079913534394,9.271316143596799,0.8753299141691931,1.0137895775372228,1.1364396406703867,1.1337980961914915,0.9163526602422118,0.9855095839423771,0.7901128372279584,0.9449057976742871
39.658095012058396,29.90371570765418,0.770759734967927,75.34628205525523,18.002404391213464,9.804851120080647,0.0,0.0,11.271680502679633,5.033612034828318,0.19944510950580563,1.0242842131430738,0.5904657176111675,4.869167278241097,5.07082178633895,4.990577528317904,4.952669564882305,5.012353420992914,4.998618530375257,4.988383699031471,5.091242377141117
8.781528821312858,0.4771767431298991,0.17357193089409237,254.0383208397603,1.0094194096513678,0.8457544602178397,1.003760478367708,0.9887976456971869,77.23350937133227,18.388068520369544,0.5024863111445182,28.661137174722896,7.563898259520338,0.7742100672852071,1.0471384324235722,0.9881078482450082,1.1460940721546158,1.048535774142648,1.0272650393009175,0.9438658781734861,1.2540735611275622
6.704681748976845,0.0,0.007137744371182244,354.12818916838415,1.7554397273650872,1.3307378676073145,0.982442618441755,0.9841179848835518,88.52447778991909,10.246826934385354,0.2900925798904151,56.05974669162396,10.306735271261031,1.0038010501736647,1.0559968217575872,1.007488871012988,0.8514158286101524,0.8684025387040581,0.8235188360854411,1.0111077757692863,0.9540949356373252
6.055755028704939,3.520051654282823,0.17358633417079153,206.39887703409906,1.5015349263766085,0.4773486822202616,1.0046773320453406,1.0450340411760393,89.68746418336683,13.503157279893184,0.49168018769185134,41.2738038176348,12.00114163905324,2.107858958255513,2.0504352246580364,2.0423690773822036,1.8618758669641764,1.8491695487209556,2.0867390477627326,2.2308351231265844,1.9852999532066122
28.4394933989172,24.980362623830267,0.8205205128190869,89.96781623098438,14.224921064211374,8.014634895494895,0.0,0.0016651742878353525,14.062983241387546,3.961087262716445,0.20440031103728654,3.019287901969917,0.2551402671629944,3.833765102676924,4.088312241157415,3.918036507914805,4.133862394427578,3.963571380353593,4.104867207233642,4.038084684921833,3.9428197915740966
7.982633063055107,1.2568524079684738,0.15378215247675608,389.5009806912919,1.534151066243148,0.8072848140032262,0.9939239407392977,0.946656298883873,68.42587193391304,16.99335896350432,0.5901071385328326,49.0462608759433,14.560033222386595,0.8416406624047378,0.9853325705185472,0.9579584131890032,0.8521951482609058,0.9534613362745241,0.9046253912430103,1.0381057135067926,1.0946719398062799
70.15719804950979,66.31736556774798,0.9607845978517574,36.917752351732354,24.758801779499105,12.325231080091331,0.0,0.0,10.122819418071764,1.8316474014770232,0.1094413982770594,1.9792035365881573,0.0,6.043154328822182,5.966089666893332,6.016311932319484,6.129074918422732,5.980546876210568,5.886057969060376,5.9919696218524106,5.870564410841302
39.56079084359478,29.853279665146314,0.7208059144207082,63.17680284608154,18.144081776602,10.33441133913903,0.002026902853697701,0.0,11.88299940136153,4.993085683833773,0.20220907315121459,1.6507901008370895,0.23606048011025557,4.979253965664527,4.931708958978213,5.197091574997849,4.798925180066399,5.251474708915911,4.9772546203210215,4.931633668655841,4.9212142165422454
5.258827204870968,0.0,0.0,349.79925262437894,1.4534368734822947,1.0557855331505412,0.9987801134650711,1.0138991217300575,91.45241016720946,9.82000985572459,0.2989054531225173,54.51875830339802,9.897595580416246,0.9542998104870745,0.7367735521321648,1.226587330186903,1.0114863089123545,1.021676740783807,1.0837203042312273,0.8822434004423199,1.0169915920374832
9.07687711310454,0.0,0.11690927072310495,403.3603718601322,1.3741807487746005,1.4706010621102175,1.0513708302322373,0.9911313452790367,70.97646712210413,17.24723316743018,0.5990953856227098,50.55492147670837,15.22149044134225,1.0191446349182856,0.9884576309793984,1.105037548650679,0.9623015419031838,1.0148944106806674,1.0598728785546867,0.9485033545101328,1.1757651577675337
70.04395498329545,67.28665589941147,0.9748447877997709,45.995221914040194,24.65896202376428,12.280440069154468,0.010851936124385111,0.0,12.333451998674466,1.8899828948890287,0.1017831400552872,2.37694410743981,0.1618858510707017,6.013861303294336,5.984565144441412,6.181359207062966,6.004667387118671,6.0372070713310695,6.03156488362061,5.9319933684519075,5.819700417166377
4.537562913083999,1.4657840950800654,0.1962304032023868,171.25563041126736,0.8207436096396283,1.1302107361787732,1.0209277628970406,0.9786054617834319,80.32537939544376,12.626150645086442,0.5118833366244104,47.54102620443077,9.72075536637266,1.0884650015830162,0.8839506933641514,1.1274609482161189,1.0374751451883328,0.9316644876308158,1.014646500618012,0.9851501611296035,0.9503506557443472
4.076149650524702,0.37616492370609333,0.32841861651895954,98.48919760208256,0.6752591324845127,1.1148449850572864,1.0087743894003944,1.0214587093070715,95.41684736400775,10.741826971017549,0.19946864281344115,19.759810113746934,5.108899617018899,0.9854321944321648,1.1418378245224579,1.0250655422662587,0.8278045910212495,1.0658846041861312,0.9593579200260536,0.9404517325958907,1.0253069059209978
2.9346911753865257,3.4494930793269667,0.25930199342695864,234.41148355479575,0.6243928981586488,1.026116967928125,0.9993718564552805,0.993900289802652,83.36830040235893,14.609578283872086,0.4001544892633001,60.06631477718322,20.655904266791612,0.9688242807243044,0.8932652614115936,1.085334520835201,1.0098293974924186,1.0309578116754372,0.8210906707506458,0.9832506089379146,1.0454529716191898
8.227189230731238,2.9208327807918923,0.08590049836782943,406.5480844295558,1.3014638017635995,0.6694982351370239,0.9914947699613035,1.0226172172143257,67.39904990209796,17.48607874260014,0.5987022470399852,49.62424190330929,15.22270462320322,1.0130977847802496,0.8925697408760183,1.1768717875848913,0.8179578610875854,0.956532092623962,0.9299383372519465,1.057643113836171,1.102963536899236
2.5983406014619366,0.0,0.26873119061518125,250.7698591798028,1.4064601334676499,1.3969877555185826,1.0329677036862652,0.9791630998159689,83.28492449008245,14.680428120019611,0.3852050418964925,60.479429779456616,19.952308479738974,0.8995857770499356,0.8524292128224014,0.9499500615786799,1.0107529239559943,0.9090654115622973,0.9486054253382047,0.9762906411985292,0.9451360887306256
4.531292824271678,0.7375197711237604,0.3477132923091066,89.51821260566835,0.7918186760623137,0.8134200991118398,1.0045999389127156,1.0301441367540762,94.7067542524097,10.510453772602856,0.21331123435000798,20.146144193422522,4.979437395227098,1.1367864788209296,0.8377529879860935,1.0047284983188927,0.9384591770547087,0.8604091636644436,1.0491596709167554,0.9812074918217194,1.0231266288890373
3.520113650223951,0.06208269569948388,0.3229211905247429,107.69545516767579,0.5006374083180604,1.2019953986548553,0.9773876732790518,0.9876818733500683,98.20888525156462,10.940717632050342,0.19445314933364927,18.613300369542298,5.067237581692678,1.0950551432588596,1.0132382585529602,0.9439012557149972,0.9397684319721029,0.9073601555486263,0.784138030837704,0.9786635740645115,1.087463821434222
4.54087997962834,1.3145690703861117,0.22725838041000346,179.71092515632188,0.9881589079119109,0.7334233703200597,0.9949809009755449,1.012993228913561,78.4778489433657,13.424007026158796,0.5055154045003646,44.981729083809206,10.1687539247992,0.9804753757471455,1.0100249828124488,1.0443084486820406,0.9425776698844648,0.9554403308027885,0.9952836576283322,1.0417832119865895,0.9480056979197613
71.03213247093328,67.58411550899496,0.9752735401143331,50.39131020778724,25.31325889626819,12.084848321744804,0.02637677969839602,0.055989987642890614,9.751997607101028,2.0827320701854757,0.09963718705944088,0.8403204507863273,0.09436560140073495,5.829087381894376,6.066541006463807,5.943821575954687,6.110785638220408,6.078847951500349,6.007664850654927,5.951101168716248,5.780116004892704
68.93579136184856,67.86317361193281,0.9697964134145619,37.07204655594652,24.921553492542145,12.070949683546957,0.02646715261208371,0.006971593260589965,12.68937358114345,1.9525859393404272,0.09751904809679197,0.0,0.41960197235751606,5.915984698562003,6.082984873872284,5.959436325527061,5.999933564826367,5.881407612790953,6.068423051169516,6.0474665558567535,6.045825730518146
7.962785242702033,0.09532154920723557,0.12796834344638247,399.44370251576134,1.5406954944227467,0.8587781938324243,0.9966316206508402,0.9931605620255614,70.06986979324314,17.20352864719341,0.6088923374673528,50.87574898368089,15.119416136005478,1.0046260842161374,0.8377248074234624,1.0456395230848528,1.1193695080150512,1.1086196733129436,0.8714588568073806,1.0788449564780038,0.9113895252772751
72.6626691065923,68.14409770907442,0.9880850331541475,40.068932224364524,25.03648124806122,12.17438089314395,0.0,0.0022550730158654884,11.362603100288071,1.9468669029199162,0.09547578549067735,3.814976398000681,0.3995887384443631,6.05024509617196,6.07889907226209,6.063323985996357,5.772257451921596,6.063639203300904,5.87295184130567,5.940097185109945,6.081912164328515
4.599700826660525,1.9911578914556167,0.32308854001367154,97.85954695547642,0.7081776404895961,0.7788483225334192,0.9727853574206905,0.9920941038579104,94.95772846836914,10.799093190211595,0.19975654085723554,20.90287677686911,5.1151765664886195,0.9883803456489868,0.9225156639923655,0.9818034464348423,0.93654076982856,1.0577447478258808,1.0280812136371933,1.0230926371354816,0.8958315705666198
2.737003345483056,1.4958434710705302,0.23010242650598545,231.6836409569799,0.7826018514947088,1.0389566293477996,1.0658627029611112,1.0063105413684579,83.71703030612481,15.126754019292138,0.3931527696856391,59.286619361537916,20.508550246880404,1.1074736896915884,0.9206785602004887,1.1545530146290426,1.1862008467926741,0.7327821818067776,0.8415205760883844,0.8611941854302887,0.8302834362670688
69.30234639489315,66.52475751383206,0.9851100053967585,45.69158916657419,25.96897695242349,12.121920300457498,0.03196979835181714,0.015974910075705933,10.732933899560207,1.622399798128387,0.1048053372278376,0.0,0.3741772593807652,5.865246716394115,6.0600274479658065,6.009110830310829,6.069891315096674,6.01983011946002,6.089396165862809,6.065445211839541,5.940272855912204
9.096817019642776,2.0115119486795745,0.16665417595679638,293.0894825117221,1.645107666347731,1.1179798950332367,1.020882862819103,0.9905992149510949,74.99828724161239,15.833301115738099,0.30922483445319093,29.545919027764455,7.9909610046559045,1.1055580633674018,1.043069802641389,1.2054181262861272,0.9288293919769316,1.09259759103264,0.9268255133412348,0.9252895347515128,1.0953046068566434
68.34356846576372,67.85189531712506,0.9715136146319914,37.49395248513242,25.183615486444697,11.858005227710242,0.01606515108800379,0.012581144831531589,8.145946887713377,2.107927510007244,0.10415425368926867,1.385795335147053,0.5572959123079209,6.034287769877653,5.957681626804536,5.890893241420554,5.929803725502763,5.949904841325223,6.0353453933144845,5.950849774926444,6.021100198802121
49.85802356865465,44.509275891923544,0.9070168284728118,44.20852394136661,19.277358252251254,9.881228360843194,0.0,0.0,13.18131518124622,2.4421986691955073,0.09814567573899612,0.5581574648272676,0.7946348511977669,5.032346150416674,4.990038679770498,5.060412161962719,5.052366054645378,4.9902865168888315,5.004038395593675,4.970461240307153,5.065951187640929
70.59378043173737,67.84867963113851,0.9717916135273609,52.358462317945325,24.763495309090217,12.28264444577473,0.008545959210989851,0.04416448480900591,11.251745584791877,1.706197559586773,0.0929173328095022,1.4210372790053982,0.005862865632965092,5.875359605350825,5.800672991824761,6.089110228268136,6.152969609063427,6.079209833624162,5.9591572490636295,5.952738985979749,5.962442434705218
6.264287216357127,2.119961034943194,0.17488615577175098,196.1629700607572,1.6855315830532083,1.1783408667562,0.9942003267481451,1.0050290151974552,89.6556742671088,13.88120479551493,0.48198045603556505,40.0898680517196,12.16980343536934,2.075555890399113,1.9214857743712492,2.0605590538598397,1.792501723751512,2.0626794465522145,2.085299417310969,1.9711620285647853,1.9312736339918462
9.364325354433458,2.0611710142085897,0.2089806054071052,295.96251852973245,1.9133822577556954,1.222684636093991,1.0184678215280647,1.0082272599366549,75.03709073310527,16.389831634607393,0.30722698429146733,30.4510781078854,7.966293726377095,0.7901490288641624,1.0975467486841337,0.9566538454246959,1.0627481186382137,1.0930747077097633,1.1026850370749162,0.988377507207896,1.1067105825104013
6.215467829859398,0.8470444086395738,0.1383097853005068,243.42771734861142,1.5024140396391676,0.9120953339038338,1.011655127770846,0.9810244451756349,76.81321481764049,18.956084796868137,0.5033634764093006,30.71353790215128,7.946288771556957,0.938755801987396,0.9478286465921409,0.8016968224124881,1.0651979189887988,0.9362066643934226,1.0277047574564249,0.9950025066687896,0.88317511049198
48.88618781886623,43.466157871567084,0.8934605933966652,52.49491027088152,19.71012156257355,9.994162600745547,0.0012814322540328643,0.0,11.331388751523582,3.0624828615822213,0.11199568152872384,1.4402585554407765,0.1655620609295807,5.1508509244787035,5.0126583997991725,4.887187621376669,5.058874987392689,5.0396418002385985,5.133388573874303,5.028226606596837,5.151126256867716
7.022501318359019,0.9536468648637721,0.1607649748538193,200.08298142528815,0.9834464108142836,1.2917220565998448,1.029010088611898,1.0049090659035615,91.40067445528705,13.915335035068608,0.4758613213655465,40.256579365835556,12.076612316934543,2.2308498726243355,1.9527572624737268,2.0704937538875186,1.9494071818871006,2.0204532630975742,2.14692797215525,2.099392688059499,2.0543906194548396
3.080318828531607,0.0,0.0018813526742458239,355.61067601755326,1.5536143737403225,1.00708924476075,1.0086506500060923,0.9898444573920653,92.31018461526588,10.124609891484724,0.29028578086661067,56.64681504112338,10.291932001530263,0.8249902528365095,1.0640300346842029,1.0029959252983542,1.0260309487391226,1.148707421524848,0.9688819449185538,0.9659287461167172,0.7745283180304188
7.511484100688993,0.7031918281001808,0.14713510702047575,254.0176654147686,1.6076944115246183,1.0382760380173195,0.998709884403821,1.012034446294378,78.03780810869719,19.550623869120603,0.495684292461449,30.753986186196883,8.460581924732917,0.9442876475896735,0.9316754166862375,0.9374180288671295,1.0886419247572714,1.0720818998806745,1.0828585268925723,1.081810148913684,0.9381531518757049
7.8195004147558755,1.958295818671496,0.15598440050246368,254.76584147892876,1.5529685251915737,0.8637485685634303,1.0240899457494703,0.9839303655302616,76.43944752394515,18.80523795257734,0.48893599660453335,32.339148920274695,7.5789399808740825,0.9628097151532095,0.9878697444360903,1.1397483251663543,1.1374484683628605,1.078583868485578,1.031206772720174,1.080577164977119,1.0233966906660468
3.5344634023322,0.2364301702337617,0.006731885054611546,365.0974182744758,1.3746294837633561,0.9306990175297015,0.970499580942182,0.9724457089667584,88.31405984175306,9.917006895119043,0.30821757016117557,55.794780285945464,9.542705927865093,1.0863857549871647,0.9745314525689528,0.9551021595524366,1.0587024405128695,1.0474156628267681,0.9482418634661912,0.9601024661983384,0.7582873091972554
10.874015033605723,1.5823152768939972,0.210044724340201,295.75125003442895,1.6482488590294941,0.8769739212887597,1.0334435172047398,0.9629888229316872,72.7472727190551,16.089442739890586,0.3030177957486293,30.522370503838744,8.27309136398666,0.8293101389477706,1.0585878467171952,0.9518408533379948,0.805542306533271,0.9444452204200752,1.0108472645433944,1.089587225701675,1.0744593235710111
29.324478930552907,24.46084873610933,0.83962070020793,73.84507493101896,14.721974170084264,8.235597002084642,0.05842138826027602,0.0,15.148312666765124,3.9266424981925807,0.20060697402081254,3.6773529769900737,0.530880818400061,4.113830533915926,4.085807443033668,4.03736462743412,3.828209124683958,4.195709648048188,3.9594300051024054,3.9578142707367427,4.131648980837879
28.72636688404416,26.067441217969318,0.8117373535286254,81.04678173229946,16.402582684617965,7.966503146578661,0.0,0.015237946251381055,14.86723464543567,4.075522746514917,0.18287710859633582,2.8017862623257868,0.018934332786925412,4.201721199835306,4.003042089732696,3.906082614368469,3.858091062727028,4.061479228655038,4.1138843998209556,4.066297333252487,3.8717850441779635
2.5439751543727755,0.15434982533044028,0.31685588182650193,101.85230245400395,0.10827739179494877,0.9922686250140527,1.0045612066268599,1.0324320303330625,91.3785203224099,11.059034148929362,0.19724262601045098,20.45796633040343,4.622163849483655,0.7819172291351467,1.1027464018146336,0.8537470628319468,1.1435873427973409,0.9766677065608976,0.7917494588929792,1.0785653572457272,1.0271093700920377
3.5864930415292298,0.0,0.21228524698382947,175.40359553207088,0.1923032292447594,0.6251307014557468,1.0152211308171961,1.0276924595146584,77.21759382768458,12.648808617327543,0.4963158076150855,44.95660543325491,10.30150120243607,0.963728217406715,0.9485031723403169,0.9518879644255415,0.9288966499411447,1.1468293310790494,0.967405171357681,0.9340507391647703,1.002129483491771
28.662018583377478,26.228166610759516,0.8165775999141316,86.06308254894982,14.768656873633962,8.242711484185909,0.03294305710161595,0.0,11.634384477226526,3.5061338895321525,0.1930712910098117,2.6883028329576675,0.290053080647867,4.104521571703609,3.9587930440008465,3.886294963428544,4.143269791210122,4.076223179532126,3.8582640888324917,3.995541017120566,3.9238867116755713
12.442878776661546,0.0,0.19889277380934203,297.4248390331974,2.4133694688046363,0.9469146294201918,0.9643106027489354,1.0134459850936173,75.54274720485864,16.157541072825094,0.28985178647373605,29.44512210388285,8.058464179917753,0.9365213047529409,0.9956289696687192,1.200810652062016,0.995792972736119,1.1030492250228456,0.9204701922876556,0.9764101234141713,1.0114227448690893
50.31817510061276,44.64046224601133,0.8891304379450854,57.25564100483368,19.84498635078905,10.007737115864932,0.01558562272465763,0.007668640658859705,11.721282373379186,2.8969923068617516,0.0977128528379712,0.4008563580048622,0.6477243148611957,5.011413073187444,4.935757725057024,5.18671743356884,5.007694935785178,5.136098714897842,4.980819345961331,5.042429647377467,5.146597132052785
5.4780008700801295,1.5089772854682209,0.011461317074884864,344.50069417136484,0.0,0.92286321518956,0.9748022182572271,1.0262108520021431,91.57592876038316,9.62479104182574,0.30223064484220247,52.661194319949686,10.433473647581549,0.9872751410159534,0.92915313790439,1.24986333154955,0.9194950511232368,0.9543424097033364,1.1338838135974836,1.098512024567908,0.9266483925113822
28.870613699678138,24.38011353991205,0.8489048126487913,91.39850415545258,15.090329879641635,8.030059767819383,0.0,0.01858268642222348,16.690649315921142,3.8803478148484034,0.20352273341806693,3.1039056291754754,0.15606205242047377,4.005985490069286,3.9303752112847787,3.9322086151848454,4.017618334128134,4.062846678987979,3.9795654814499013,3.9003481418488617,3.871097124088544
39.50433674427354,32.525851871488875,0.6980171529262124,83.02594243059643,17.788110535974532,10.070141934598306,0.028973437702982472,0.0,8.91775956457461,5.3149254707026765,0.20831766132245153,1.0475883771834091,0.4580609346207558,4.890212758469214,5.034692863887443,4.926989894014502,5.045310303052756,5.020264878536865,4.898896496775407,4.972756678717454,4.865557118430684
50.48254724406011,45.652014827564884,0.8980397661286067,53.99010295986922,20.29970355446552,9.978359810106765,0.020983661700346736,0.0,11.593356563960972,3.2355012984893903,0.10483318618546772,0.0,0.8698952181621842,5.224095487246155,4.985679855232217,4.954039769548545,5.002195234127789,4.965870649732991,4.993650998358474,5.234747713938592,4.951177825043055
4.7899868179886855,0.0,0.21703190464082334,171.9932534646685,0.48472627337422547,0.7927448198610227,0.9693574769005721,1.0126407209759194,84.96344971871338,12.86816733303453,0.48647505198910856,46.81928883408097,10.13355913338792,1.0557674172751768,1.0298103549134667,0.8175572448574508,1.1843032650590692,1.0442633205232448,1.0875382106067277,0.7905103266694098,1.1503904715159265
1.8972408016524982,2.1652399285372326,0.24507471497836492,244.3871064665755,1.342069561683949,0.7568893791754799,1.0050543013162587,0.998126144068874,85.84391793309159,14.904762692374044,0.39505280897477785,58.526646093234724,20.131772948325544,0.8779316339879499,1.0791595951275068,1.1159868561175874,0.9683477239000685,1.1258513190148007,0.8969888395140072,0.8817681718457397,1.004364539011918
6.710260540791114,0.5308500099785942,0.15100136388111957,251.96464633114965,2.2228817525857956,1.1214815779472425,1.050671668985276,1.0207376007384577,79.13553164950923,19.08893104119924,0.5063177858141582,29.006652552418146,8.247536107756265,0.9946118698815676,0.9294909399869941,1.0870390851324676,1.051268438786647,1.1450914650634962,0.9800858513453686,0.9963571432272956,0.9932536124915042
30.416645581499235,25.947168838289404,0.8343372738942882,96.84758404220652,14.887769057009633,8.05875550485616,0.015727016969189295,0.0,10.155016952873583,4.247987756879922,0.21276573661790826,2.618899705553321,0.23210492269886224,4.056630279006207,3.8977669799485644,4.121572832333906,4.067372650889076,3.913715763166553,4.161129067295919,4.092961748309618,4.212669096288726
3.361473182359351,0.12067693663390272,0.0,351.6737206828819,0.3769967802558769,1.2551845436892552,0.9781934387987896,1.0343203424580238,83.81054648071898,10.245585670461852,0.30301339241444997,56.31727206976977,10.361388637034265,0.9093295539438929,0.9453562565091788,1.0100449152892987,1.08281060201227,0.9167974875916729,1.1698028368641349,0.906363543081157,1.102074032179412
3.5883460524263406,0.637751411332194,0.2592395663463347,246.08943855588956,0.0,0.6979917707491683,0.9942273342897959,1.0104214026104499,86.66544369467832,15.022708435992456,0.40894428945987277,60.06581645594402,20.568191724834385,1.043415128271813,1.0356230756332843,0.8913255472949415,1.044665546668335,0.9120354139448356,1.0646202220065504,1.0366400168019878,1.0057860588950809
5.240362239208716,1.7592965446831574,0.23983097330188557,241.50789708392077,1.6875629357698312,0.9098163117336849,1.0274891094120344,1.035719552772422,85.33441659050607,15.060053276679849,0.4008147130213909,59.325181501159754,19.851875805475487,0.9835563532883179,1.0313837754768382,1.0294547224639694,0.9899011550216433,0.9731321775371841,0.9935376940560752,1.0713504131088125,1.02461780001686
8.204915905039655,2.067368879133536,0.10474606841333871,406.2875562471453,0.428583689111114,1.1347412808887198,0.9858588731938212,0.9758297585211198,70.14522654997708,16.923560104429285,0.6037515104483139,51.88993304485468,14.97924451567891,1.0599244432910429,0.8363399336044653,0.9736190986676369,0.8061221719812949,0.9533986872641106,0.8402780518928529,0.9015593322044049,0.9493985102098601
30.18503974521048,25.300461317036405,0.8132171260565403,88.37226365945702,14.632444402397214,8.059596777506323,0.0,0.025000904977618782,12.546897632247843,4.119741436982055,0.21295604874494528,2.2563413251527,0.2540799475361621,4.044935889745638,4.029397412227306,4.057730358657857,4.041667125315521,3.982063705144051,4.107935062338267,3.932499457779473,4.021028531747086
